{
  "project_name": "imagenet_s_animals_10cls_trainval_holdout_ade",
  "model_name": "./models/segformer-b0-ade",
  "dataset": "imagenet_s",
  "task": "ImageNet-S semantic segmentation",
  "image_size": 256,
  "mask_mode": "multiclass",
  "num_labels": 11,
  "selected_classes": [
    "n01443537",
    "n01491361",
    "n01531178",
    "n01644373",
    "n02104029",
    "n02119022",
    "n02123597",
    "n02690373",
    "n02342885",
    "n02504458"
  ],
  "ignore_index": 255,
  "num_train_samples": 234,
  "num_val_samples": 10,
  "num_test_samples": 10,
  "total_params": 3716971,
  "trainable_params": 3716971,
  "non_trainable_params": 0,
  "best_epoch": 28,
  "best_val_miou": 0.7898220027215447,
  "best_val_foreground_iou": 0.5084712176756168,
  "best_val_foreground_dice": 0.6741543513957307,
  "test_mean_foreground_iou": 0.7768950413604966,
  "test_mean_foreground_dice": 0.8643074969904154,
  "test_miou": 0.7898220027215447,
  "test_foreground_iou": 0.43375111906893465,
  "test_foreground_dice": 0.6050577583515454,
  "test_pixel_accuracy": 0.943505859375,
  "total_training_time_sec": 580.3198582999976,
  "average_epoch_time_sec": 19.343995276666586,
  "inference_fps": 64.3790224824049,
  "max_gpu_memory_allocated_mb": 0.0
}