{
  "pixel_accuracy": 0.943505859375,
  "mean_pixel_accuracy": 0.8877209942063392,
  "miou": 0.7898220027215447,
  "mean_foreground_iou": 0.7768950413604966,
  "foreground_iou": 0.43375111906893465,
  "background_iou": 0.9190916163320251,
  "mean_dice": 0.8728104763891177,
  "mean_foreground_dice": 0.8643074969904154,
  "foreground_dice": 0.6050577583515454,
  "background_dice": 0.9578402703761398,
  "confusion_matrix": [
    [
      420580,
      6467,
      1226,
      2034,
      241,
      5199,
      2701,
      2930,
      87,
      2442,
      449
    ],
    [
      1123,
      5814,
      0,
      0,
      0,
      0,
      0,
      0,
      0,
      0,
      0
    ],
    [
      958,
      0,
      11911,
      0,
      0,
      0,
      0,
      0,
      0,
      0,
      0
    ],
    [
      1225,
      0,
      0,
      8341,
      0,
      0,
      0,
      0,
      0,
      0,
      0
    ],
    [
      2363,
      0,
      0,
      0,
      21191,
      0,
      0,
      0,
      0,
      0,
      0
    ],
    [
      39,
      0,
      0,
      0,
      0,
      45031,
      0,
      0,
      0,
      0,
      0
    ],
    [
      783,
      0,
      0,
      0,
      0,
      0,
      38225,
      0,
      0,
      0,
      0
    ],
    [
      820,
      0,
      0,
      0,
      0,
      0,
      0,
      18945,
      0,
      0,
      0
    ],
    [
      1026,
      0,
      0,
      0,
      0,
      0,
      0,
      0,
      1280,
      0,
      0
    ],
    [
      493,
      0,
      0,
      0,
      0,
      0,
      0,
      0,
      0,
      28484,
      0
    ],
    [
      4418,
      0,
      0,
      0,
      0,
      0,
      0,
      0,
      0,
      0,
      18534
    ]
  ],
  "loss": 0.16735732853412627,
  "inference_fps": 54.89447360844189
}