pixel_accuracy,mean_pixel_accuracy,miou,mean_foreground_iou,foreground_iou,background_iou,mean_dice,mean_foreground_dice,foreground_dice,background_dice,loss,inference_fps
0.943505859375,0.8877209942063392,0.7898220027215447,0.7768950413604966,0.43375111906893465,0.9190916163320251,0.8728104763891177,0.8643074969904154,0.6050577583515454,0.9578402703761398,0.16735732853412627,54.89447360844189
