{
  "image_0": {
    "true_label": 0,
    "predicted": 0,
    "scores": [
      12.063161849975586,
      -3.175868272781372,
      -2.394786834716797,
      -4.035252571105957,
      -4.574157238006592,
      -1.935528039932251,
      1.499335527420044,
      -1.3852994441986084,
      -3.067808151245117,
      -0.807791531085968
    ],
    "correct": true
  },
  "image_1": {
    "true_label": 1,
    "predicted": 1,
    "scores": [
      -0.8399220705032349,
      7.8147125244140625,
      0.7633305191993713,
      -6.3905134201049805,
      1.4796658754348755,
      -3.4611523151397705,
      -1.1239876747131348,
      2.5334994792938232,
      0.27176815271377563,
      -2.673823118209839
    ],
    "correct": true
  },
  "image_2": {
    "true_label": 2,
    "predicted": 2,
    "scores": [
      -0.42873311042785645,
      -0.18551164865493774,
      16.699199676513672,
      -5.191000938415527,
      -7.113034248352051,
      -7.685173034667969,
      -6.940764904022217,
      0.7476013898849487,
      -1.60489022731781,
      -8.508076667785645
    ],
    "correct": true
  },
  "image_3": {
    "true_label": 3,
    "predicted": 3,
    "scores": [
      -3.401740312576294,
      -3.3729286193847656,
      -0.8914270401000977,
      6.517752170562744,
      -3.126189708709717,
      2.380373954772949,
      -2.3401217460632324,
      -3.679166316986084,
      3.519765853881836,
      -0.05257008969783783
    ],
    "correct": true
  },
  "image_4": {
    "true_label": 4,
    "predicted": 4,
    "scores": [
      -4.217693328857422,
      -3.217937469482422,
      -2.7857255935668945,
      -5.2775373458862305,
      11.533736228942871,
      -2.0428738594055176,
      -3.7543318271636963,
      0.8363178968429565,
      -2.075639486312866,
      3.060883045196533
    ],
    "correct": true
  },
  "image_5": {
    "true_label": 5,
    "predicted": 5,
    "scores": [
      -2.518355131149292,
      -8.648737907409668,
      -4.365306854248047,
      -4.297138214111328,
      -2.2219526767730713,
      9.514691352844238,
      4.177405834197998,
      -6.479846954345703,
      3.8905789852142334,
      2.011284351348877
    ],
    "correct": true
  },
  "image_6": {
    "true_label": 6,
    "predicted": 6,
    "scores": [
      1.420290231704712,
      -3.7319624423980713,
      -2.7380120754241943,
      -4.436651229858398,
      -2.032902956008911,
      0.6430666446685791,
      11.617463111877441,
      -6.768296718597412,
      1.6140424013137817,
      -6.161075592041016
    ],
    "correct": true
  },
  "image_7": {
    "true_label": 7,
    "predicted": 7,
    "scores": [
      -0.8321555852890015,
      -0.7124564051628113,
      0.9386084675788879,
      1.2990566492080688,
      -0.7437205910682678,
      -2.086089849472046,
      -6.2577385902404785,
      13.938636779785156,
      -1.6387962102890015,
      1.0799697637557983
    ],
    "correct": true
  },
  "image_8": {
    "true_label": 8,
    "predicted": 8,
    "scores": [
      -4.62734317779541,
      -5.276134490966797,
      2.4692752361297607,
      1.9127862453460693,
      -3.9191715717315674,
      0.36582592129707336,
      -3.2743072509765625,
      -4.244477272033691,
      11.36210823059082,
      0.6711574792861938
    ],
    "correct": true
  },
  "image_9": {
    "true_label": 9,
    "predicted": 9,
    "scores": [
      -3.4848885536193848,
      -5.791743755340576,
      -2.773874044418335,
      1.1911568641662598,
      -0.6479735970497131,
      -0.6094739437103271,
      -5.509952068328857,
      -3.4121010303497314,
      4.050811290740967,
      8.678199768066406
    ],
    "correct": true
  }
}