{
  "c1_w_scale": 0.005340409930795431,
  "c1_a_scale": 0.5851892786701833,
  "c1_w_shape": [
    6,
    1,
    5,
    5
  ],
  "c1_b_shape": [
    6
  ],
  "c3_w_scale": 0.0026658261194825172,
  "c3_a_scale": 0.8840233509934793,
  "c3_w_shape": [
    16,
    6,
    5,
    5
  ],
  "c3_b_shape": [
    16
  ],
  "c5_w_scale": 0.0017399400239810348,
  "c5_a_scale": 0.9487169521061454,
  "c5_w_shape": [
    120,
    16,
    5,
    5
  ],
  "c5_b_shape": [
    120
  ],
  "f6_w_scale": 0.0023365835659205914,
  "f6_a_scale": 0.9087503388172059,
  "f6_w_shape": [
    84,
    120
  ],
  "f6_b_shape": [
    84
  ],
  "out_w_scale": 0.003406692296266556,
  "out_a_scale": 1.6727466733436884,
  "out_w_shape": [
    10,
    84
  ],
  "out_b_shape": [
    10
  ]
}